USE hjc353_1;
INSERT INTO `hjc353_1`.`person` (`p_id`, `first_name`, `last_name`, `dob`, `phone`, `address`, `city`, `province`, `postal_code`, `email`, `citizenship`) VALUES ('10001', 'John', 'Smith', '1980-12-01', '5142223333', '123 Hutchison Street', 'Montreal', 'QC', 'H2X2G7', 'john@gamil.com', 'Canada');
INSERT INTO `hjc353_1`.`person` (`p_id`,`first_name`, `last_name`, `dob`, `phone`, `address`, `city`, `province`, `postal_code`, `email`, `citizenship`) VALUES ('10002','Tom', 'Van De Camp', '1991-06-03', '5145225751', '1234 Saint-Catherine Street West', 'Montreal', 'QC', 'H1Y2L5', 'tom@gamil.com', 'Canada');
INSERT INTO `hjc353_1`.`person` (`p_id`,`first_name`, `last_name`, `dob`, `phone`, `address`, `city`, `province`, `postal_code`, `email`, `citizenship`) VALUES ('10003','Kelby', 'Matterdace', '1992-08-01', '4387772222', '124 Cruze', 'Toronto', 'ON', 'T4E2N2', 'kelby@gmail.com', 'Canada');
INSERT INTO `hjc353_1`.`person` (`p_id`, `first_name`, `last_name`, `dob`, `phone`, `address`, `city`, `province`, `postal_code`, `email`, `citizenship`) VALUES ('10004', 'Jason', 'Young', '1954-01-01', '5142332222', '198 Avenue Dorval', 'Kirkland', 'QC', 'H3U6T1', 'jason@gmail.com', 'China');
INSERT INTO `hjc353_1`.`person` (`p_id`, `first_name`, `last_name`, `dob`, `phone`, `address`, `city`, `province`, `postal_code`, `email`, `citizenship`) VALUES ('10005', 'Eve', 'Solis', '2000-01-09', '5142221111', '109 Taschereau Blvd', 'Saint John', 'NB', 'J4V7Y7', 'eve@gmail.com', 'France');
INSERT INTO `hjc353_1`.`person` (`first_name`, `last_name`, `dob`, `phone`, `address`, `city`, `province`, `postal_code`, `email`, `citizenship`) VALUES ('Zoe', 'Mason', '1979-08-21', '5142221341', '2001 Victoria Ave', 'Toronto', 'ON', 'J3S8H8', 'zoe@gmail.com', 'Canada');
INSERT INTO `hjc353_1`.`person` (`first_name`, `last_name`, `dob`, `phone`, `address`, `city`, `province`, `postal_code`, `email`, `citizenship`) VALUES ('Aron', 'Smith', '2000-10-11', '4367213333', '2101 Rue Notre-Dame', 'Halifax', 'NS', 'P9W9U9', 'aron@gmail.com', 'Canada');
INSERT INTO `hjc353_1`.`person` (`first_name`, `last_name`, `dob`, `phone`, `address`, `city`, `province`, `postal_code`, `email`, `citizenship`) VALUES ('Tom', 'Huber', '1976-10-12', '4357289090', '2000 Boulevard Leduc', 'Ottawa', 'ON', 'J3H2H3', 'tomh@gmail.com', 'Canada');
INSERT INTO `hjc353_1`.`person` (`first_name`, `last_name`, `dob`, `phone`, `address`, `city`, `province`, `postal_code`, `email`, `citizenship`) VALUES ('Ken', 'Matter', '2001-10-23', '4372895333', '5033 Av Monami', 'Vancouver', 'BC', 'J4D2N2', 'ken@hotmail.com', 'Canada');
INSERT INTO `hjc353_1`.`person` (`first_name`, `last_name`, `dob`, `phone`, `address`, `city`, `province`, `postal_code`, `email`, `citizenship`) VALUES ('Eric', 'Sam', '1967-08-09', '4362252233', '124 Sherbrooke Street', 'Edmonton', 'AB', 'H2Y3J3', 'eric@gmail.com', 'Canada');
INSERT INTO `hjc353_1`.`person` (`first_name`, `last_name`, `dob`, `phone`, `address`, `city`, `province`, `postal_code`, `email`, `citizenship`) VALUES ('Maria', 'Scavo', '1953-03-19', '4509834444', '333 Avenue DDO', 'Charlottetown', 'PE', 'K2P1N1', 'maria@gmail.com', 'Canada');
INSERT INTO `hjc353_1`.`person` (`first_name`, `last_name`, `dob`, `phone`, `address`, `city`, `province`, `postal_code`, `email`, `citizenship`) VALUES ('Wu', 'Kris', '1999-02-09', '4508989888', '345 Du Midway', 'Fredericton', 'NB', 'L9I2M2', 'kris@gmail.com', 'Canada');
INSERT INTO `hjc353_1`.`person` (`first_name`, `last_name`, `dob`, `phone`, `address`, `city`, `province`, `postal_code`, `email`, `citizenship`) VALUES ('Da', 'Lian', '2002-03-08', '4364545222', '465 Yellow street', 'Winnipeg', 'MB', 'F4D4B4', 'lian@gmail.com', 'Canada');
INSERT INTO `hjc353_1`.`person` (`first_name`, `last_name`, `dob`, `phone`, `address`, `city`, `province`, `postal_code`, `email`, `citizenship`) VALUES ('Prince', 'Joe', '2001-09-12', '4376223333', '6789 Regina street', 'Victoria', 'BC', 'H2H2B2', 'prince@gmail.com', 'Canada');
INSERT INTO `hjc353_1`.`person` (`first_name`, `last_name`, `dob`, `phone`, `address`, `city`, `province`, `postal_code`, `email`, `citizenship`) VALUES ('Yuk', 'Zoe', '1980-03-07', '5124632444', '3522 White street', 'Whitehorse', 'YT', 'J3H4M4', 'white@gmail.com', 'Canada');
INSERT INTO `hjc353_1`.`person` (`first_name`, `last_name`, `dob`, `phone`, `address`, `city`, `province`, `postal_code`, `email`, `citizenship`) VALUES ('Mark', 'John', '1987-12-12', '4514232234', '789 Blvd victoria', 'lqaluit', 'NU', 'L7J3J3', 'john@hotmail.com', 'Canada');
INSERT INTO `hjc353_1`.`person` (`first_name`, `last_name`, `dob`, `phone`, `address`, `city`, `province`, `postal_code`, `email`, `citizenship`) VALUES ('Lin', 'Jerry', '1997-09-12', '4573321111', '972 Blvd saskatoon', 'Yellowknife', 'NT', 'K4G2H2', 'jerry@gmail.com', 'Canada');
INSERT INTO `hjc353_1`.`person` (`first_name`, `last_name`, `dob`, `phone`, `address`, `city`, `province`, `postal_code`, `email`, `citizenship`) VALUES ('Universe', 'Toko', '1958-10-12', '4365998777', '986 Henri street', 'Regina', 'SK', 'L3O4B4', 'toko@gmail.com', 'Canada');
INSERT INTO `hjc353_1`.`person` (`first_name`, `last_name`, `dob`, `phone`, `address`, `city`, `province`, `postal_code`, `email`, `citizenship`) VALUES ('Frank', 'Fisher', '2001-10-13', '4352228888', '234 Bourassa street', 'St.John\'s', 'NL', 'J4H3B3', 'fisher@gmail.com', 'Canada');
INSERT INTO `hjc353_1`.`person` (`p_id`, `first_name`, `last_name`, `dob`, `phone`, `address`, `city`, `province`, `postal_code`, `email`, `citizenship`) VALUES ('10020', 'Daniel', 'Tony', '1985-02-03', '4356274422', '985 Guy Concordia', 'Montreal', 'QC', 'H3J2B3', 'tonyd@gmail.com', 'Canada');





INSERT INTO `hjc353_1`.`citizen` (`p_id`, `ssn`, `medicare`) VALUES ('10001', '333555888', 'SMIJ80120101');
INSERT INTO `hjc353_1`.`citizen` (`p_id`, `ssn`, `medicare`) VALUES ('10002', '345234232', 'VANT91060301');
INSERT INTO `hjc353_1`.`citizen` (`p_id`, `ssn`, `medicare`) VALUES ('10003', '345654345', 'YOUJ75082810');
INSERT INTO `hjc353_1`.`citizen` (`p_id`, `ssn`, `medicare`) VALUES ('10006', '367356788', 'HUBS60020104');
INSERT INTO `hjc353_1`.`citizen` (`p_id`, `ssn`, `medicare`) VALUES ('10007', '324555333', 'SCAM53090813');
INSERT INTO `hjc353_1`.`citizen` (`p_id`, `ssn`, `medicare`) VALUES ('10008', '322112111', 'SMIS42060303');
INSERT INTO `hjc353_1`.`citizen` (`p_id`, `ssn`, `medicare`) VALUES ('10009', '356788888', 'SOLA10102204');
INSERT INTO `hjc353_1`.`citizen` (`p_id`, `ssn`, `medicare`) VALUES ('10010', '322122111', 'MASE04042809');
INSERT INTO `hjc353_1`.`citizen` (`p_id`, `ssn`, `medicare`) VALUES ('10011', '345223777', 'TERD12345678');
INSERT INTO `hjc353_1`.`citizen` (`p_id`, `ssn`, `medicare`) VALUES ('10012', '333555666', 'RTYG34251617');
INSERT INTO `hjc353_1`.`citizen` (`p_id`, `ssn`, `medicare`) VALUES ('10013', '233444222', 'PIOU45672389');
INSERT INTO `hjc353_1`.`citizen` (`p_id`, `ssn`, `medicare`) VALUES ('10014', '333666888', 'POIU56473829');
INSERT INTO `hjc353_1`.`citizen` (`p_id`, `ssn`, `medicare`) VALUES ('10015', '367987000', 'HNBG3425169');
INSERT INTO `hjc353_1`.`citizen` (`p_id`, `ssn`, `medicare`) VALUES ('10016', '342000999', 'JUHY99887766');
INSERT INTO `hjc353_1`.`citizen` (`p_id`, `ssn`, `medicare`) VALUES ('10017', '343222568', 'GHJK34527878');
INSERT INTO `hjc353_1`.`citizen` (`p_id`, `ssn`, `medicare`) VALUES ('10018', '345786111', 'QSAZ90901212');
INSERT INTO `hjc353_1`.`citizen` (`p_id`, `ssn`, `medicare`) VALUES ('10019', '334543777', 'PJHG38291234');
INSERT INTO `hjc353_1`.`citizen` (`p_id`, `ssn`, `medicare`) VALUES ('10020', '333676799', 'UJHG39201023');



INSERT INTO `hjc353_1`.`non_citizen` (`p_id`, `passport`) VALUES ('10004', 'EP234122');
INSERT INTO `hjc353_1`.`non_citizen` (`p_id`, `passport`) VALUES ('10005', 'ND432411');


INSERT INTO `hjc353_1`.`health_worker` (`p_id`, `emp_id`) VALUES ('10001', '1001');
INSERT INTO `hjc353_1`.`health_worker` (`p_id`, `emp_id`) VALUES ('10003', '1002');
INSERT INTO `hjc353_1`.`health_worker` (`p_id`, `emp_id`) VALUES ('10009', '1003');
INSERT INTO `hjc353_1`.`health_worker` (`p_id`, `emp_id`) VALUES ('10010', '1004');
INSERT INTO `hjc353_1`.`health_worker` (`p_id`, `emp_id`) VALUES ('10012', '1005');
INSERT INTO `hjc353_1`.`health_worker` (`p_id`, `emp_id`) VALUES ('10013', '1006');
INSERT INTO `hjc353_1`.`health_worker` (`p_id`, `emp_id`) VALUES ('10014', '1007');
INSERT INTO `hjc353_1`.`health_worker` (`p_id`, `emp_id`) VALUES ('10015', '1008');
INSERT INTO `hjc353_1`.`health_worker` (`p_id`, `emp_id`) VALUES ('10017', '1009');
INSERT INTO `hjc353_1`.`health_worker` (`p_id`, `emp_id`) VALUES ('10020', '1010');



INSERT INTO `hjc353_1`.`age_group` (`grp_id`, `upper_limit`, `lower_limit`) VALUES ('1', '200', '80');
INSERT INTO `hjc353_1`.`age_group` (`grp_id`, `upper_limit`, `lower_limit`) VALUES ('2', '79', '70');
INSERT INTO `hjc353_1`.`age_group` (`grp_id`, `upper_limit`, `lower_limit`) VALUES ('3', '69', '60');
INSERT INTO `hjc353_1`.`age_group` (`grp_id`, `upper_limit`, `lower_limit`) VALUES ('4', '59', '50');
INSERT INTO `hjc353_1`.`age_group` (`grp_id`, `upper_limit`, `lower_limit`) VALUES ('5', '49', '40');
INSERT INTO `hjc353_1`.`age_group` (`grp_id`, `upper_limit`, `lower_limit`) VALUES ('6', '39', '30');
INSERT INTO `hjc353_1`.`age_group` (`grp_id`, `upper_limit`, `lower_limit`) VALUES ('7', '29', '18');
INSERT INTO `hjc353_1`.`age_group` (`grp_id`, `upper_limit`, `lower_limit`) VALUES ('8', '17', '12');
INSERT INTO `hjc353_1`.`age_group` (`grp_id`, `upper_limit`, `lower_limit`) VALUES ('9', '11', '5');
INSERT INTO `hjc353_1`.`age_group` (`grp_id`, `upper_limit`, `lower_limit`) VALUES ('10', '4', '0');
INSERT INTO `hjc353_1`.`age_group` (`grp_id`, `upper_limit`, `lower_limit`) VALUES ('0', '-1', '-100');

INSERT INTO `hjc353_1`.`variant_type` (`variant_id`, `variant_name`) VALUES (1, 'Alpha');
INSERT INTO `hjc353_1`.`variant_type` (`variant_id`, `variant_name`) VALUES (2, 'Beta');
INSERT INTO `hjc353_1`.`variant_type` (`variant_id`, `variant_name`) VALUES (3, 'Gamma');
INSERT INTO `hjc353_1`.`variant_type` (`variant_id`, `variant_name`) VALUES (4, 'Delta');
INSERT INTO `hjc353_1`.`variant_type` (`variant_id`) VALUES ('5');


INSERT INTO `hjc353_1`.`infection` (`p_id`, `idate`, `type`) VALUES ('10002', '2020-03-05', 1);
INSERT INTO `hjc353_1`.`infection` (`p_id`, `idate`, `type`) VALUES ('10002', '2020-09-11', 2);
INSERT INTO `hjc353_1`.`infection` (`p_id`, `idate`, `type`) VALUES ('10006', '2021-01-08', 3);
INSERT INTO `hjc353_1`.`infection` (`p_id`, `idate`, `type`) VALUES ('10006', '2021-07-07', 4);
INSERT INTO `hjc353_1`.`infection` (`p_id`, `idate`, `type`) VALUES ('10018', '2021-08-01', '5');


INSERT INTO `hjc353_1`.`pv_age` (`province`) VALUES ('QC');
INSERT INTO `hjc353_1`.`pv_age` (`province`) VALUES ('AB');
INSERT INTO `hjc353_1`.`pv_age` (`province`) VALUES ('BC');
INSERT INTO `hjc353_1`.`pv_age` (`province`) VALUES ('MB');
INSERT INTO `hjc353_1`.`pv_age` (`province`) VALUES ('NB');
INSERT INTO `hjc353_1`.`pv_age` (`province`) VALUES ('NL');
INSERT INTO `hjc353_1`.`pv_age` (`province`) VALUES ('NS');
INSERT INTO `hjc353_1`.`pv_age` (`province`) VALUES ('ON');
INSERT INTO `hjc353_1`.`pv_age` (`province`) VALUES ('PE');
INSERT INTO `hjc353_1`.`pv_age` (`province`) VALUES ('SK');
INSERT INTO `hjc353_1`.`pv_age` (`province`) VALUES ('YT');
INSERT INTO `hjc353_1`.`pv_age` (`province`) VALUES ('NU');
INSERT INTO `hjc353_1`.`pv_age` (`province`) VALUES ('NT');
UPDATE `hjc353_1`.`pv_age` SET `grp_id` = '8' WHERE (`province` = 'AB');
UPDATE `hjc353_1`.`pv_age` SET `grp_id` = '7' WHERE (`province` = 'BC');
UPDATE `hjc353_1`.`pv_age` SET `grp_id` = '7' WHERE (`province` = 'MB');
UPDATE `hjc353_1`.`pv_age` SET `grp_id` = '6' WHERE (`province` = 'NB');
UPDATE `hjc353_1`.`pv_age` SET `grp_id` = '7' WHERE (`province` = 'NL');
UPDATE `hjc353_1`.`pv_age` SET `grp_id` = '8' WHERE (`province` = 'NS');
UPDATE `hjc353_1`.`pv_age` SET `grp_id` = '5' WHERE (`province` = 'NT');
UPDATE `hjc353_1`.`pv_age` SET `grp_id` = '8' WHERE (`province` = 'ON');
UPDATE `hjc353_1`.`pv_age` SET `grp_id` = '8' WHERE (`province` = 'QC');
UPDATE `hjc353_1`.`pv_age` SET `grp_id` = '7' WHERE (`province` = 'SK');
UPDATE `hjc353_1`.`pv_age` SET `grp_id` = '5' WHERE (`province` = 'YT');
UPDATE `hjc353_1`.`pv_age` SET `grp_id` = '4' WHERE (`province` = 'NU');
UPDATE `hjc353_1`.`pv_age` SET `grp_id` = '4' WHERE (`province` = 'PE');


INSERT INTO `hjc353_1`.`facility` (`name`, `address`, `city`, `province`, `postal_code`, `phone`, `web`, `type`, `manager`) VALUES ('Covid vaccination centre- Panama', '1575 Avenue Panama', 'Brossard', 'QC', 'J3W2B2', '5143232222', 'www.convid.com', 'special installment', '10002');
INSERT INTO `hjc353_1`.`facility` (`name`, `address`, `city`, `province`, `postal_code`, `phone`, `web`, `type`, `manager`) VALUES ('Pharmacie Ayman Hakem et Wasseem Abdelmalak inc', '100-6955 TASCHEREAU', 'Montreal', 'QC', 'J4P2N2', '5143321111', 'www.convid.com', 'clinic', '10006');
INSERT INTO `hjc353_1`.`facility` (`name`, `address`, `city`, `province`, `postal_code`, `phone`, `web`, `type`, `manager`) VALUES ('Clinique Accès Infirmières', '287 Boul. d’Anjou Châteauguay', 'TORONTO', 'ON', 'M1N2M2', '4590021212', 'www.convid.com', 'clinic', '10011');
INSERT INTO `hjc353_1`.`facility` (`name`, `address`, `city`, `province`, `postal_code`, `phone`, `web`, `type`, `manager`) VALUES ('Olympic Stadium', '4545 Pierre-de Coubertin Ave', 'Vancouver', 'BC', 'L2N3J3', '4504446663', 'www.convid.com', 'special installment', '10016');
INSERT INTO `hjc353_1`.`facility` (`name`, `address`, `city`, `province`, `postal_code`, `phone`, `web`, `type`, `manager`) VALUES ('Hospital Charles-Le Moyne', '3120 Taschereau Blvd', 'Edmonton', 'AB', 'J6E3B3', '4363421234', 'www.convid.com', 'hospital', '10007');


INSERT INTO `hjc353_1`.`work_history` (`emp_id`, `loc_id`, `start_date`) VALUES ('1001', '1', '2020-03-16');
INSERT INTO `hjc353_1`.`work_history` (`emp_id`, `loc_id`, `start_date`) VALUES ('1002', '2', '2020-09-10');
INSERT INTO `hjc353_1`.`work_history` (`emp_id`, `loc_id`, `start_date`,`end_date`) VALUES ('1003', '3', '2020-10-10','2020-12-30');
INSERT INTO `hjc353_1`.`work_history` (`emp_id`, `loc_id`, `start_date`) VALUES ('1004', '4', '2020-12-12');
INSERT INTO `hjc353_1`.`work_history` (`emp_id`, `loc_id`, `start_date`) VALUES ('1006', '2', '2020-10-12');
INSERT INTO `hjc353_1`.`work_history` (`emp_id`, `loc_id`, `start_date`) VALUES ('1007', '3', '2020-11-11');
INSERT INTO `hjc353_1`.`work_history` (`emp_id`, `loc_id`, `start_date`) VALUES ('1008', '4', '2020-11-09');
INSERT INTO `hjc353_1`.`work_history` (`emp_id`, `loc_id`, `start_date`) VALUES ('1003', '2', '2021-01-01');
INSERT INTO `hjc353_1`.`work_history` (`emp_id`, `loc_id`, `start_date`) VALUES ('1004', '3', '2021-01-01');
INSERT INTO `hjc353_1`.`work_history` (`emp_id`, `loc_id`, `start_date`,`end_date`) VALUES ('1005', '1', '2020-07-12','2020-09-29');
INSERT INTO `hjc353_1`.`work_history` (`emp_id`, `loc_id`, `start_date`) VALUES ('1005', '1', '2020-12-10');
INSERT INTO `hjc353_1`.`work_history` (`emp_id`, `loc_id`, `start_date`) VALUES ('1009', '5', '2021-01-22');
INSERT INTO `hjc353_1`.`work_history` (`emp_id`, `loc_id`, `start_date`) VALUES ('1010', '2', '2021-01-19');


INSERT INTO `hjc353_1`.`vaccine` (`vac_id`, `name`, `vac_desc`, `status`) VALUES ('1', 'Pfizer-BioNTech', 'mRNA', 'safe');
INSERT INTO `hjc353_1`.`vaccine` (`vac_id`, `name`, `vac_desc`, `status`) VALUES ('2', 'Moderna', 'mRNA', 'safe');
INSERT INTO `hjc353_1`.`vaccine` (`vac_id`, `name`, `vac_desc`, `status`) VALUES ('3', 'AstraZeneca', 'Adenovirus', 'suspend');
INSERT INTO `hjc353_1`.`vaccine` (`vac_id`, `name`, `vac_desc`, `status`) VALUES ('4', 'Johnson & Johnson', 'Adenovirus', 'safe');

INSERT INTO `hjc353_1`.`vaccine_history` (`vac_id`, `update_date`, `update_status`) VALUES ('1', '2020-12-09', 'safe');
INSERT INTO `hjc353_1`.`vaccine_history` (`vac_id`, `update_date`, `update_status`) VALUES ('2', '2020-12-23', 'safe');
INSERT INTO `hjc353_1`.`vaccine_history` (`vac_id`, `update_date`, `update_status`) VALUES ('3', '2020-12-26', 'safe');
INSERT INTO `hjc353_1`.`vaccine_history` (`vac_id`, `update_date`, `update_status`) VALUES ('4', '2021-03-05', 'safe');
INSERT INTO `hjc353_1`.`vaccine_history` (`vac_id`, `update_date`, `update_status`) VALUES ('3', '2021-02-26', 'suspend');


INSERT INTO `hjc353_1`.`inventory` (`loc_id`, `vac_id`) VALUES ('1', '1');
INSERT INTO `hjc353_1`.`inventory` (`loc_id`, `vac_id`) VALUES ('1', '2');
INSERT INTO `hjc353_1`.`inventory` (`loc_id`, `vac_id`) VALUES ('1', '3');
INSERT INTO `hjc353_1`.`inventory` (`loc_id`, `vac_id`) VALUES ('1', '4');
INSERT INTO `hjc353_1`.`inventory` (`loc_id`, `vac_id`) VALUES ('2', '1');
INSERT INTO `hjc353_1`.`inventory` (`loc_id`, `vac_id`) VALUES ('2', '2');
INSERT INTO `hjc353_1`.`inventory` (`loc_id`, `vac_id`) VALUES ('2', '3');
INSERT INTO `hjc353_1`.`inventory` (`loc_id`, `vac_id`) VALUES ('2', '4');
INSERT INTO `hjc353_1`.`inventory` (`loc_id`, `vac_id`) VALUES ('3', '1');
INSERT INTO `hjc353_1`.`inventory` (`loc_id`, `vac_id`) VALUES ('3', '2');
INSERT INTO `hjc353_1`.`inventory` (`loc_id`, `vac_id`) VALUES ('3', '4');
INSERT INTO `hjc353_1`.`inventory` (`loc_id`, `vac_id`) VALUES ('4', '1');
INSERT INTO `hjc353_1`.`inventory` (`loc_id`, `vac_id`) VALUES ('4', '2');
INSERT INTO `hjc353_1`.`inventory` (`loc_id`, `vac_id`) VALUES ('4', '3');
INSERT INTO `hjc353_1`.`inventory` (`loc_id`, `vac_id`) VALUES ('4', '4');
INSERT INTO `hjc353_1`.`inventory` (`loc_id`, `vac_id`) VALUES ('3', '3');
UPDATE `hjc353_1`.`inventory` SET `quantity` = '100' WHERE (`loc_id` = '1') and (`vac_id` = '1');
UPDATE `hjc353_1`.`inventory` SET `quantity` = '200' WHERE (`loc_id` = '1') and (`vac_id` = '2');
UPDATE `hjc353_1`.`inventory` SET `quantity` = '200' WHERE (`loc_id` = '1') and (`vac_id` = '3');
UPDATE `hjc353_1`.`inventory` SET `quantity` = '100' WHERE (`loc_id` = '1') and (`vac_id` = '4');
UPDATE `hjc353_1`.`inventory` SET `quantity` = '300' WHERE (`loc_id` = '2') and (`vac_id` = '1');
UPDATE `hjc353_1`.`inventory` SET `quantity` = '400' WHERE (`loc_id` = '2') and (`vac_id` = '2');
UPDATE `hjc353_1`.`inventory` SET `quantity` = '500' WHERE (`loc_id` = '2') and (`vac_id` = '3');
UPDATE `hjc353_1`.`inventory` SET `quantity` = '100' WHERE (`loc_id` = '2') and (`vac_id` = '4');
UPDATE `hjc353_1`.`inventory` SET `quantity` = '500' WHERE (`loc_id` = '3') and (`vac_id` = '1');
UPDATE `hjc353_1`.`inventory` SET `quantity` = '200' WHERE (`loc_id` = '3') and (`vac_id` = '2');
UPDATE `hjc353_1`.`inventory` SET `quantity` = '300' WHERE (`loc_id` = '3') and (`vac_id` = '3');
UPDATE `hjc353_1`.`inventory` SET `quantity` = '100' WHERE (`loc_id` = '3') and (`vac_id` = '4');
UPDATE `hjc353_1`.`inventory` SET `quantity` = '200' WHERE (`loc_id` = '4') and (`vac_id` = '1');
UPDATE `hjc353_1`.`inventory` SET `quantity` = '300' WHERE (`loc_id` = '4') and (`vac_id` = '2');
UPDATE `hjc353_1`.`inventory` SET `quantity` = '90' WHERE (`loc_id` = '4') and (`vac_id` = '3');
UPDATE `hjc353_1`.`inventory` SET `quantity` = '100' WHERE (`loc_id` = '4') and (`vac_id` = '4');
INSERT INTO `hjc353_1`.`inventory` (`loc_id`, `vac_id`, `quantity`) VALUES ('5', '1', '100');
INSERT INTO `hjc353_1`.`inventory` (`loc_id`, `vac_id`, `quantity`) VALUES ('5', '2', '500');
INSERT INTO `hjc353_1`.`inventory` (`loc_id`, `vac_id`, `quantity`) VALUES ('5', '3', '100');
INSERT INTO `hjc353_1`.`inventory` (`loc_id`, `vac_id`, `quantity`) VALUES ('5', '4', '200');


INSERT INTO `hjc353_1`.`vaccination` (`p_id`, `dose_num`, `emp_id`, `vac_id`, `loc_id`, `vdate`) VALUES ('10001', '1', '1005', '1', '1', '2021-02-28');
INSERT INTO `hjc353_1`.`vaccination` (`p_id`, `dose_num`, `emp_id`, `vac_id`, `loc_id`, `vdate`) VALUES ('10001', '2', '1002', '2', '2', '2021-04-01');
INSERT INTO `hjc353_1`.`vaccination` (`p_id`, `dose_num`, `emp_id`, `vac_id`, `loc_id`, `vdate`) VALUES ('10002', '1', '1003', '4', '2', '2021-03-20');
INSERT INTO `hjc353_1`.`vaccination` (`p_id`, `dose_num`, `emp_id`, `vac_id`, `loc_id`, `vdate`) VALUES ('10003', '1', '1006', '2', '2', '2021-04-03');
INSERT INTO `hjc353_1`.`vaccination` (`p_id`, `dose_num`, `emp_id`, `vac_id`, `loc_id`, `vdate`) VALUES ('10004', '1', '1006', '3', '2', '2021-01-19');
INSERT INTO `hjc353_1`.`vaccination` (`p_id`, `dose_num`, `emp_id`, `vac_id`, `loc_id`, `vdate`) VALUES ('10004', '2', '1006', '4', '2', '2021-04-05');
INSERT INTO `hjc353_1`.`vaccination` (`p_id`, `dose_num`, `emp_id`, `vac_id`, `loc_id`, `vdate`) VALUES ('10006', '1', '1004', '1', '3', '2021-03-18');
INSERT INTO `hjc353_1`.`vaccination` (`p_id`, `dose_num`, `emp_id`, `vac_id`, `loc_id`, `vdate`) VALUES ('10008', '1', '1004', '2', '3', '2021-05-01');
INSERT INTO `hjc353_1`.`vaccination` (`p_id`, `dose_num`, `emp_id`, `vac_id`, `loc_id`, `vdate`) VALUES ('10008', '2', '1007', '1', '3', '2021-07-30');
INSERT INTO `hjc353_1`.`vaccination` (`p_id`, `dose_num`, `emp_id`, `vac_id`, `loc_id`, `vdate`) VALUES ('10009', '1', '1008', '2', '4', '2021-03-28');
INSERT INTO `hjc353_1`.`vaccination` (`p_id`, `dose_num`, `emp_id`, `vac_id`, `loc_id`, `vdate`) VALUES ('10010', '1', '1009', '1', '5', '2021-02-05');
INSERT INTO `hjc353_1`.`vaccination` (`p_id`, `dose_num`, `emp_id`, `vac_id`, `loc_id`, `vdate`) VALUES ('10010', '2', '1009', '1', '5', '2021-05-06');
INSERT INTO `hjc353_1`.`vaccination` (`p_id`, `dose_num`, `emp_id`, `vac_id`, `loc_id`, `vdate`) VALUES ('10014', '1', '1004', '2', '4', '2021-03-12');
INSERT INTO `hjc353_1`.`vaccination` (`p_id`, `dose_num`, `emp_id`, `vac_id`, `loc_id`, `vdate`) VALUES ('10018', '1', '1006', '1', '2', '2021-05-20');
INSERT INTO `hjc353_1`.`vaccination` (`p_id`, `dose_num`, `emp_id`, `vac_id`, `loc_id`, `vdate`) VALUES ('10017', '1', '1002', '2', '2', '2021-03-23');
INSERT INTO `hjc353_1`.`vaccination` (`p_id`, `dose_num`, `emp_id`, `vac_id`, `loc_id`, `vdate`) VALUES ('10016', '1', '1003', '1', '2', '2021-04-22');
INSERT INTO `hjc353_1`.`vaccination` (`p_id`, `dose_num`, `emp_id`, `vac_id`, `loc_id`, `vdate`) VALUES ('10016', '2', '1002', '2', '2', '2021-07-29');


INSERT INTO `hjc353_1`.`shipment` (`ship_id`, `loc_id`, `sdate`, `vac_id`, `quantity`) VALUES ('101', '1', '2020-12-30', '1', '50');
INSERT INTO `hjc353_1`.`shipment` (`ship_id`, `loc_id`, `sdate`, `vac_id`, `quantity`) VALUES ('102', '1', '2021-01-02', '1', '50');
INSERT INTO `hjc353_1`.`shipment` (`ship_id`, `loc_id`, `sdate`, `vac_id`, `quantity`) VALUES ('103', '1', '2021-02-04', '2', '100');
INSERT INTO `hjc353_1`.`shipment` (`ship_id`, `loc_id`, `sdate`, `vac_id`, `quantity`) VALUES ('104', '1', '2021-07-03', '2', '100');
INSERT INTO `hjc353_1`.`shipment` (`ship_id`, `loc_id`, `sdate`, `vac_id`, `quantity`) VALUES ('105', '1', '2021-02-03', '3', '200');
INSERT INTO `hjc353_1`.`shipment` (`ship_id`, `loc_id`, `sdate`, `vac_id`, `quantity`) VALUES ('106', '1', '2021-04-01', '4', '100');
INSERT INTO `hjc353_1`.`shipment` (`ship_id`, `loc_id`, `sdate`, `vac_id`, `quantity`) VALUES ('107', '2', '2020-12-27', '1', '300');
INSERT INTO `hjc353_1`.`shipment` (`ship_id`, `loc_id`, `sdate`, `vac_id`, `quantity`) VALUES ('108', '2', '2021-02-01', '2', '200');
INSERT INTO `hjc353_1`.`shipment` (`ship_id`, `loc_id`, `sdate`, `vac_id`, `quantity`) VALUES ('109', '2', '2021-03-01', '2', '200');
INSERT INTO `hjc353_1`.`shipment` (`ship_id`, `loc_id`, `sdate`, `vac_id`, `quantity`) VALUES ('110', '2', '2021-01-14', '3', '500');
INSERT INTO `hjc353_1`.`shipment` (`ship_id`, `loc_id`, `sdate`, `vac_id`, `quantity`) VALUES ('111', '2', '2021-07-29', '4', '100');
INSERT INTO `hjc353_1`.`shipment` (`ship_id`, `loc_id`, `sdate`, `vac_id`, `quantity`) VALUES ('112', '3', '2020-12-29', '1', '400');
INSERT INTO `hjc353_1`.`shipment` (`ship_id`, `loc_id`, `sdate`, `vac_id`, `quantity`) VALUES ('113', '3', '2021-02-09', '1', '100');
INSERT INTO `hjc353_1`.`shipment` (`ship_id`, `loc_id`, `sdate`, `vac_id`, `quantity`) VALUES ('114', '3', '2021-01-01', '2', '100');
INSERT INTO `hjc353_1`.`shipment` (`ship_id`, `loc_id`, `sdate`, `vac_id`, `quantity`) VALUES ('115', '3', '2021-03-01', '2', '100');
INSERT INTO `hjc353_1`.`shipment` (`ship_id`, `loc_id`, `sdate`, `vac_id`, `quantity`) VALUES ('116', '3', '2021-01-08', '3', '300');
INSERT INTO `hjc353_1`.`shipment` (`ship_id`, `loc_id`, `sdate`, `vac_id`, `quantity`) VALUES ('117', '3', '2021-05-01', '4', '100');
INSERT INTO `hjc353_1`.`shipment` (`ship_id`, `loc_id`, `sdate`, `vac_id`, `quantity`) VALUES ('118', '4', '2021-03-12', '1', '200');
INSERT INTO `hjc353_1`.`shipment` (`ship_id`, `loc_id`, `sdate`, `vac_id`, `quantity`) VALUES ('119', '4', '2020-12-30', '2', '300');
INSERT INTO `hjc353_1`.`shipment` (`ship_id`, `loc_id`, `sdate`, `vac_id`, `quantity`) VALUES ('120', '4', '2021-01-05', '3', '90');
INSERT INTO `hjc353_1`.`shipment` (`ship_id`, `loc_id`, `sdate`, `vac_id`, `quantity`) VALUES ('121', '4', '2021-04-19', '4', '100');
INSERT INTO `hjc353_1`.`shipment` (`ship_id`, `loc_id`, `sdate`, `vac_id`, `quantity`) VALUES ('122', '5', '2021-05-09', '1', '100');
INSERT INTO `hjc353_1`.`shipment` (`ship_id`, `loc_id`, `sdate`, `vac_id`, `quantity`) VALUES ('123', '5', '2021-03-18', '2', '300');
INSERT INTO `hjc353_1`.`shipment` (`ship_id`, `loc_id`, `sdate`, `vac_id`, `quantity`) VALUES ('124', '5', '2021-04-08', '2', '200');
INSERT INTO `hjc353_1`.`shipment` (`ship_id`, `loc_id`, `sdate`, `vac_id`, `quantity`) VALUES ('125', '5', '2021-03-17', '3', '100');
INSERT INTO `hjc353_1`.`shipment` (`ship_id`, `loc_id`, `sdate`, `vac_id`, `quantity`) VALUES ('126', '5', '2021-08-01', '4', '200');


INSERT INTO `hjc353_1`.`transfer` (`trans_id`, `from_loc`, `to_loc`, `tdate`, `vac_id`, `quantity`) VALUES ('101', '1', '2', '2021-02-10', '2', '100');
INSERT INTO `hjc353_1`.`transfer` (`trans_id`, `from_loc`, `to_loc`, `tdate`, `vac_id`, `quantity`) VALUES ('102', '2', '3', '2021-03-01', '2', '100');
INSERT INTO `hjc353_1`.`transfer` (`trans_id`, `from_loc`, `to_loc`, `tdate`, `vac_id`, `quantity`) VALUES ('103', '3', '4', '2021-04-01', '2', '100');
INSERT INTO `hjc353_1`.`transfer` (`trans_id`, `from_loc`, `to_loc`, `tdate`, `vac_id`, `quantity`) VALUES ('104', '4', '1', '2021-05-01', '2', '100');


DROP TRIGGER IF EXISTS `hjc353_1`.`shipment_BEFORE_INSERT`;

DELIMITER $$
USE `hjc353_1`$$
CREATE DEFINER = CURRENT_USER TRIGGER `hjc353_1`.`shipment_BEFORE_INSERT` BEFORE INSERT ON `shipment` FOR EACH ROW
BEGIN
	
	update inventory set inventory.quantity = inventory.quantity + new.quantity where (new.loc_id = inventory.loc_id) AND (new.vac_id = inventory.vac_id);
        

END$$
DELIMITER ;



DROP TRIGGER IF EXISTS `hjc353_1`.`shipment_AFTER_DELETE`;

DELIMITER $$
USE `hjc353_1`$$
CREATE DEFINER = CURRENT_USER TRIGGER `hjc353_1`.`shipment_AFTER_DELETE` AFTER DELETE ON `shipment` FOR EACH ROW
BEGIN

update inventory set inventory.quantity = inventory.quantity - old.quantity where (old.loc_id = inventory.loc_id) AND (old.vac_id = inventory.vac_id);

END$$
DELIMITER ;






DROP TRIGGER IF EXISTS `hjc353_1`.`transfer_BEFORE_INSERT`;

DELIMITER $$
USE `hjc353_1`$$
CREATE DEFINER=`hjc353_1`@`132.205.%.%` TRIGGER `transfer_BEFORE_INSERT` BEFORE INSERT ON `transfer` FOR EACH ROW 
BEGIN
	
	update inventory set inventory.quantity = inventory.quantity + new.quantity where (new.to_loc = inventory.loc_id) AND (new.vac_id = inventory.vac_id);
	update inventory set inventory.quantity = inventory.quantity - new.quantity where (new.from_loc = inventory.loc_id) AND (new.vac_id = inventory.vac_id);
	
END$$
DELIMITER ;




DROP TRIGGER IF EXISTS `hjc353_1`.`transfer_AFTER_DELETE`;

DELIMITER $$
USE `hjc353_1`$$
CREATE DEFINER = CURRENT_USER TRIGGER `hjc353_1`.`transfer_AFTER_DELETE` AFTER DELETE ON `transfer` FOR EACH ROW
BEGIN
	update inventory set inventory.quantity = inventory.quantity - old.quantity where (old.to_loc = inventory.loc_id) AND (old.vac_id = inventory.vac_id);
	update inventory set inventory.quantity = inventory.quantity + old.quantity where (old.from_loc = inventory.loc_id) AND (old.vac_id = inventory.vac_id);
END$$
DELIMITER ;






DROP TRIGGER IF EXISTS `hjc353_1`.`vaccination_BEFORE_INSERT`;

DELIMITER $$
USE `hjc353_1`$$
CREATE DEFINER = CURRENT_USER TRIGGER `hjc353_1`.`vaccination_BEFORE_INSERT` BEFORE INSERT ON `vaccination` FOR EACH ROW
BEGIN

	update inventory set inventory.quantity = inventory.quantity - 1 where (new.loc_id = inventory.loc_id) AND (new.vac_id = inventory.vac_id);

END$$
DELIMITER ;




DROP TRIGGER IF EXISTS `hjc353_1`.`vaccination_AFTER_DELETE`;

DELIMITER $$
USE `hjc353_1`$$
CREATE DEFINER = CURRENT_USER TRIGGER `hjc353_1`.`vaccination_AFTER_DELETE` AFTER DELETE ON `vaccination` FOR EACH ROW
BEGIN

update inventory set inventory.quantity = inventory.quantity + 1 where (old.loc_id = inventory.loc_id) AND (old.vac_id = inventory.vac_id);

END$$
DELIMITER ;



